{"cameraMode":{"drawMode":0,"name":"Shaded","section":"Shading Mode"},"sceneLighting":true,"audioPlay":false,"sceneViewState":{"showFog":true,"showMaterialUpdate":false,"showSkybox":true,"showFlares":true,"showImageEffects":true,"showParticleSystems":true,"showVisualEffectGraphs":true,"m_FxEnabled":true},"in2DMode":false,"pivot":{"x":0.02906438335776329,"y":-10.9171142578125,"z":-14.949138641357422},"rotation":{"x":0.6877573132514954,"y":0.0021775858476758005,"z":-0.002063475549221039,"w":0.7259373068809509},"size":28.145339965820314,"orthographic":false}